Year,Gender,Time
1980,m,2.16139
1981,m,2.13694
1982,m,2.15806
1983,m,2.14972
1984,m,2.24806
1985,m,2.19278
1986,m,2.185
1987,m,2.18361
1988,m,2.13889
1989,m,2.13361
1990,m,2.21083
1991,m,2.15778
1992,m,2.15806
1993,m,2.16778
1994,m,2.18917
1995,m,2.18333
1996,m,2.165
1997,m,2.13667
1998,m,2.14583
1999,m,2.15389
1970,m,2.52722
1971,m,2.38167
1972,m,2.46444
1973,m,2.365
1974,m,2.44167
1975,m,2.32417
1976,m,2.16944
1977,m,2.19111
1978,m,2.20333
1979,m,2.195
