Year,Gender,Time
1980,f,2.42833
1981,f,2.42472
1982,f,2.45389
1983,f,2.45
1984,f,2.49167
1985,f,2.47611
1986,f,2.46833
1987,f,2.50472
1988,f,2.46861
1989,f,2.425
1990,f,2.5125
1991,f,2.45889
1992,f,2.41111
1993,f,2.44
1994,f,2.46028
1995,f,2.46833
1996,f,2.47167
1997,f,2.47833
1998,f,2.42139
1999,f,2.41833
1971,f,2.92278
1972,f,3.14472
1973,f,2.95194
1974,f,3.12472
1975,f,2.77056
1976,f,2.65306
1977,f,2.71944
1978,f,2.54167
1979,f,2.45917
